Time (s),Volume (m^3),N2,Ar,He,Ne,X(1),CH4(2),O2(3),CO2(4),H2O(5),H2(6),CO(7),C2H6(8),CH2O(9),CH3(10),C3H8(11),H(12),C2H5(13),CH3OH(14),HCO(15),CH3CHO(16),OH(17),C2H4(18),OX(20)
0.0,0.08314471999999999,0.80000000000000004,0.0,0.0,0.0,0.241119688,0.10000000000000001,0.0,0.10000000000000001,0.0,0.0,0.0,0.0,0.0,0.0,0.0,0.0,0.0,0.0,0.0,0.0,0.0,0.0,0.0
